ID,TITLE,DESCRIPTION,DURATION,STATUS,DATE PUBLISHED,KEYWORDS,VIDIQ SCORE,VIEWS,YT LIKES,YT DISLIKES,YT COMMENTS,FB LIKES,FB REACTIONS,FB COMMENTS,FB SHARES,TWEETS,REDDIT UPVOTES,REDDIT POSTS,REDDIT COMMENTS,DESC LINK COUNT,DESC WORD COUNT,CREATOR SUGGESTED,ENGAGEMENT RATE
EIwiKt9Qy2k,"Deep Learning for Computer Vision & NLP || OpenCV: Morphological Analysis, Kernel, Gradient @aiQuest","✅ Learn computer vision: https://www.aiquest.org/courses/deep-learning-nlp/ ✅ List of Data Science & AI Courses: https://aiquest.org ✅ Must Join the Facebook Group: https://facebook.com/groups/StudyMart ✅ To Enroll in Paid Courses, Contact: +8801704265972 (Sohan Khan) ✅ Another Facebook Group: https://facebook.com/groups/aiQuest ✅ Let's Subscribe to AI QUEST: https://www.youtube.com/aiquest?sub_confirmation=1 ✅ GitHub: https://github.com/rashakil-ds  You are welcome to join me: ✅ Let's Subscribe to AI QUEST: https://www.youtube.com/aiquest?sub_confirmation=1 ✅ Follow Me: https://www.facebook.com/MrArgon28 ✅ Follow Facebook: https://facebook.com/StudyMart.org ✅ Follow me on Page: https://facebook.com/shakil.RashedulAlam ✅Follow LinkedIn: https://www.linkedin.com/company/study-mart ✅Patreon: https://patreon.com/StudyMart ✅ Visit Website: https://www.aiquest.org   Others Playlist: ✅ Study in Germany from Bangladesh: https://www.youtube.com/playlist?list=PLjc_ZP9QSSamIPaQ-qNlcq5fHXft9s6FR ✅ 60 Days of Python: https://www.youtube.com/watch?v=FZmPnTVOAR4&list=PLKdU0fuY4OFf7qj4eoBtvALAB_Ml2rN0V ✅ Python & Machine Learning Full Playlist: https://www.youtube.com/watch?v=A3FKSsYy0Zg&list=PLKdU0fuY4OFcot0zyVbM1-zKf_eCUK4zQ ✅ MongoDB NoSql Database: https://www.youtube.com/watch?v=nuJ6qoBcZaw&list=PLKdU0fuY4OFe5tIAh3FB8avnQBD5FFXvE ✅ SQL For Data Science: https://www.youtube.com/playlist?list=PLKdU0fuY4OFduhpa23Wy5fRv6SGxp2ho0 ✅ R Programming for Data Science: https://www.youtube.com/watch?v=-SZ_Ph4HuTc&list=PLKdU0fuY4OFdcvSMgwilt99n81IhhaHSX ✅ Learn Deep Learning Course: https://www.youtube.com/watch?v=BbckQ-bLLG8&list=PLKdU0fuY4OFdFUCFcUp-7VD4bLXr50hgb  ✅ Learn Machine Learning Full Course: https://www.youtube.com/watch?v=xYMHT4uMOiE&list=PLKdU0fuY4OFfWY36nDJDlI26jXwInSm8f ✅ Learn Advance Excel for Data Science: https://www.youtube.com/watch?v=FFV_YmDxgj0&list=PLKdU0fuY4OFcx1_w_MhD4c0vRvP_8jYW9 ✅ Feature Engineering in Machine Learning: https://www.youtube.com/watch?v=Y1O_3TuVs_8&list=PLKdU0fuY4OFfUUWMHeqX5XxXYhUZnaXUe ✅ Data Science Bangla Playlist: https://www.youtube.com/watch?v=9BtpCvUtKL8&list=PLKdU0fuY4OFd2SIraaUtJ4nJ9F8o48kYT ✅ C Bangla Tutorial Playlist: https://www.youtube.com/watch?v=rpB6QRkwJd0&list=PLKdU0fuY4OFct8iFqcxhJcd3wjjK60LgO ✅ Linux Bangla Tutorial Playlist: https://www.youtube.com/watch?v=JowAv7hGVJg&list=PLKdU0fuY4OFeq7C9AjjceGFPzFUH0OoMH ✅ Prolog Bangla Tutorial Series: https://www.youtube.com/watch?v=Uzv9aj2aPj0&list=PLKdU0fuY4OFeLM-IEmZYLe3eHEUlSGru5",02:09:26,public,3/3/2023,"computer vision, computer vision tutorial, computer vision explained, deep learning, artificial intelligence, machine learning, what is computer vision, opencv, python, ai, cv, pytorch, keras, cntk, face recognition python project, learn computer vision, computer vision basics, how to learn computer vision, deep learning course",38.78943955399244,459,20,0,0,17,0,0,0,0,0,0,0,27,175,11,3
7yw3KudzAPc,Why Big Data Engineering? Who is a Data Engineer? Data Scientists vs Data Engineers @aiQuest,"✅ List of Data Science & AI Courses: https://aiquest.org ✅ Must Join the Facebook Group: https://facebook.com/groups/StudyMart ✅ To Enroll in Paid Courses, Contact: +8801704265972 (Sohan Khan) ✅ Another Facebook Group: https://facebook.com/groups/aiQuest ✅ Let's Subscribe to AI QUEST: https://www.youtube.com/aiquest?sub_confirmation=1 ✅ GitHub: https://github.com/rashakil-ds  You are welcome to join me: ✅ Let's Subscribe to AI QUEST: https://www.youtube.com/aiquest?sub_confirmation=1 ✅ Follow Me: https://www.facebook.com/MrArgon28 ✅ Follow Facebook: https://facebook.com/StudyMart.org ✅ Follow me on Page: https://facebook.com/shakil.RashedulAlam ✅Follow LinkedIn: https://www.linkedin.com/company/study-mart ✅Patreon: https://patreon.com/StudyMart ✅ Visit Website: https://www.aiquest.org   Others Playlist: ✅ Study in Germany from Bangladesh: https://www.youtube.com/playlist?list=PLjc_ZP9QSSamIPaQ-qNlcq5fHXft9s6FR ✅ 60 Days of Python: https://www.youtube.com/watch?v=FZmPnTVOAR4&list=PLKdU0fuY4OFf7qj4eoBtvALAB_Ml2rN0V ✅ Python & Machine Learning Full Playlist: https://www.youtube.com/watch?v=A3FKSsYy0Zg&list=PLKdU0fuY4OFcot0zyVbM1-zKf_eCUK4zQ ✅ MongoDB NoSql Database: https://www.youtube.com/watch?v=nuJ6qoBcZaw&list=PLKdU0fuY4OFe5tIAh3FB8avnQBD5FFXvE ✅ SQL For Data Science: https://www.youtube.com/playlist?list=PLKdU0fuY4OFduhpa23Wy5fRv6SGxp2ho0 ✅ R Programming for Data Science: https://www.youtube.com/watch?v=-SZ_Ph4HuTc&list=PLKdU0fuY4OFdcvSMgwilt99n81IhhaHSX ✅ Learn Deep Learning Course: https://www.youtube.com/watch?v=BbckQ-bLLG8&list=PLKdU0fuY4OFdFUCFcUp-7VD4bLXr50hgb  ✅ Learn Machine Learning Full Course: https://www.youtube.com/watch?v=xYMHT4uMOiE&list=PLKdU0fuY4OFfWY36nDJDlI26jXwInSm8f ✅ Learn Advance Excel for Data Science: https://www.youtube.com/watch?v=FFV_YmDxgj0&list=PLKdU0fuY4OFcx1_w_MhD4c0vRvP_8jYW9 ✅ Feature Engineering in Machine Learning: https://www.youtube.com/watch?v=Y1O_3TuVs_8&list=PLKdU0fuY4OFfUUWMHeqX5XxXYhUZnaXUe ✅ Data Science Bangla Playlist: https://www.youtube.com/watch?v=9BtpCvUtKL8&list=PLKdU0fuY4OFd2SIraaUtJ4nJ9F8o48kYT ✅ C Bangla Tutorial Playlist: https://www.youtube.com/watch?v=rpB6QRkwJd0&list=PLKdU0fuY4OFct8iFqcxhJcd3wjjK60LgO ✅ Linux Bangla Tutorial Playlist: https://www.youtube.com/watch?v=JowAv7hGVJg&list=PLKdU0fuY4OFeq7C9AjjceGFPzFUH0OoMH ✅ Prolog Bangla Tutorial Series: https://www.youtube.com/watch?v=Uzv9aj2aPj0&list=PLKdU0fuY4OFeLM-IEmZYLe3eHEUlSGru5",01:48:33,public,2/27/2023,"big data engineer, big data, data engineer skills, big data engineer skills, how to become a big data engineer, big data engineer roles and responsibilities, hadoop, hive, sql, mysql server, spark, data engineer career, data engineer, how to become a data engineer, data engineering, what is data engineering, data engineering tutorials, data engineering explained, python, machine learning, data science, data scientist",38.87457055108122,346,12,0,0,23,0,0,0,0,0,0,0,26,170,14,4
bnT2hVv3u4M,Day-27🐍 60 Days of Python | Continue Statement in Python & Differences | @rashakil,"✅ List of all Paid Courses: https://aiquest.org ✅ Must Join the Facebook Group: https://facebook.com/groups/StudyMart ✅ To Enroll in Paid Courses, Contact: +8801704265972 (Sohan Khan) ✅ Another Facebook Group: https://facebook.com/groups/aiQuest ✅ Let's Subscribe to AI QUEST: https://www.youtube.com/aiquest?sub_confirmation=1 ✅ Github: https://github.com/rashakil-ds  You are welcome to join me: ✅ Let's Subscribe to AI QUEST: https://www.youtube.com/aiquest?sub_confirmation=1 ✅ Follow Me: https://www.facebook.com/MrArgon28 ✅ Follow Facebook: https://facebook.com/StudyMart.org ✅ Follow me on Page: https://facebook.com/shakil.RashedulAlam ✅Follow Linkedin: https://www.linkedin.com/company/study-mart ✅Patreon: https://patreon.com/StudyMart ✅ Vist Website: https://www.aiquest.org   Others Playlist: ✅ Study in Germany from Bangladesh: https://www.youtube.com/playlist?list=PLjc_ZP9QSSamIPaQ-qNlcq5fHXft9s6FR ✅ 60 Days of Python: https://www.youtube.com/watch?v=FZmPnTVOAR4&list=PLKdU0fuY4OFf7qj4eoBtvALAB_Ml2rN0V ✅ Python & Machine Learning Full Playlist: https://www.youtube.com/watch?v=A3FKSsYy0Zg&list=PLKdU0fuY4OFcot0zyVbM1-zKf_eCUK4zQ ✅ MongoDB NoSql Database: https://www.youtube.com/watch?v=nuJ6qoBcZaw&list=PLKdU0fuY4OFe5tIAh3FB8avnQBD5FFXvE ✅ SQL For Data Science: https://www.youtube.com/playlist?list=PLKdU0fuY4OFduhpa23Wy5fRv6SGxp2ho0 ✅ R Programming for Data Science: https://www.youtube.com/watch?v=-SZ_Ph4HuTc&list=PLKdU0fuY4OFdcvSMgwilt99n81IhhaHSX ✅ Learn Deep Learning Course: https://www.youtube.com/watch?v=BbckQ-bLLG8&list=PLKdU0fuY4OFdFUCFcUp-7VD4bLXr50hgb  ✅ Learn Machine Learning Full Course: https://www.youtube.com/watch?v=xYMHT4uMOiE&list=PLKdU0fuY4OFfWY36nDJDlI26jXwInSm8f ✅ Learn Advance Excel for Data Science: https://www.youtube.com/watch?v=FFV_YmDxgj0&list=PLKdU0fuY4OFcx1_w_MhD4c0vRvP_8jYW9 ✅ Feature Engineering in Machine Learning: https://www.youtube.com/watch?v=Y1O_3TuVs_8&list=PLKdU0fuY4OFfUUWMHeqX5XxXYhUZnaXUe ✅ Data Science Bangla Playlist: https://www.youtube.com/watch?v=9BtpCvUtKL8&list=PLKdU0fuY4OFd2SIraaUtJ4nJ9F8o48kYT ✅ C Bangla Tutorial Playlist: https://www.youtube.com/watch?v=rpB6QRkwJd0&list=PLKdU0fuY4OFct8iFqcxhJcd3wjjK60LgO ✅ Linux Bangla Tutorial Playlist: https://www.youtube.com/watch?v=JowAv7hGVJg&list=PLKdU0fuY4OFeq7C9AjjceGFPzFUH0OoMH ✅ Prolog Bangla Tutorial Series: https://www.youtube.com/watch?v=Uzv9aj2aPj0&list=PLKdU0fuY4OFeLM-IEmZYLe3eHEUlSGru5",09:13,public,2/21/2023,"continue statement in python, continue, python for beginners, python tutorial, python, python tutorial for beginners, learn python, learn python programming, how to learn python, break statement in python, continue statement in python in hindi, how to use break statement in python, python bangla tutorial, learn python bangla, data science, bangla, python full course",26.27466964418017,433,15,0,0,0,0,0,0,0,0,0,0,26,168,17,2
L-xL7R5INVk,Day-26 🐍 60 Days of Python | Break & Continue Statements in Python @rashakil,"✅ List of all Paid Courses: https://aiquest.org ✅ Must Join the Facebook Group: https://facebook.com/groups/StudyMart ✅ To Enroll in Paid Courses, Contact: +8801704265972 (Sohan Khan) ✅ Another Facebook Group: https://facebook.com/groups/aiQuest ✅ Let's Subscribe to AI QUEST: https://www.youtube.com/aiquest?sub_confirmation=1 ✅ Github: https://github.com/rashakil-ds  You are welcome to join me: ✅ Let's Subscribe to AI QUEST: https://www.youtube.com/aiquest?sub_confirmation=1 ✅ Follow Me: https://www.facebook.com/MrArgon28 ✅ Follow Facebook: https://facebook.com/StudyMart.org ✅ Follow me on Page: https://facebook.com/shakil.RashedulAlam ✅Follow Linkedin: https://www.linkedin.com/company/study-mart ✅Patreon: https://patreon.com/StudyMart ✅ Vist Website: https://www.aiquest.org   Others Playlist: ✅ Study in Germany from Bangladesh: https://www.youtube.com/playlist?list=PLjc_ZP9QSSamIPaQ-qNlcq5fHXft9s6FR ✅ 60 Days of Python: https://www.youtube.com/watch?v=FZmPnTVOAR4&list=PLKdU0fuY4OFf7qj4eoBtvALAB_Ml2rN0V ✅ Python & Machine Learning Full Playlist: https://www.youtube.com/watch?v=A3FKSsYy0Zg&list=PLKdU0fuY4OFcot0zyVbM1-zKf_eCUK4zQ ✅ MongoDB NoSql Database: https://www.youtube.com/watch?v=nuJ6qoBcZaw&list=PLKdU0fuY4OFe5tIAh3FB8avnQBD5FFXvE ✅ SQL For Data Science: https://www.youtube.com/playlist?list=PLKdU0fuY4OFduhpa23Wy5fRv6SGxp2ho0 ✅ R Programming for Data Science: https://www.youtube.com/watch?v=-SZ_Ph4HuTc&list=PLKdU0fuY4OFdcvSMgwilt99n81IhhaHSX ✅ Learn Deep Learning Course: https://www.youtube.com/watch?v=BbckQ-bLLG8&list=PLKdU0fuY4OFdFUCFcUp-7VD4bLXr50hgb  ✅ Learn Machine Learning Full Course: https://www.youtube.com/watch?v=xYMHT4uMOiE&list=PLKdU0fuY4OFfWY36nDJDlI26jXwInSm8f ✅ Learn Advance Excel for Data Science: https://www.youtube.com/watch?v=FFV_YmDxgj0&list=PLKdU0fuY4OFcx1_w_MhD4c0vRvP_8jYW9 ✅ Feature Engineering in Machine Learning: https://www.youtube.com/watch?v=Y1O_3TuVs_8&list=PLKdU0fuY4OFfUUWMHeqX5XxXYhUZnaXUe ✅ Data Science Bangla Playlist: https://www.youtube.com/watch?v=9BtpCvUtKL8&list=PLKdU0fuY4OFd2SIraaUtJ4nJ9F8o48kYT ✅ C Bangla Tutorial Playlist: https://www.youtube.com/watch?v=rpB6QRkwJd0&list=PLKdU0fuY4OFct8iFqcxhJcd3wjjK60LgO ✅ Linux Bangla Tutorial Playlist: https://www.youtube.com/watch?v=JowAv7hGVJg&list=PLKdU0fuY4OFeq7C9AjjceGFPzFUH0OoMH ✅ Prolog Bangla Tutorial Series: https://www.youtube.com/watch?v=Uzv9aj2aPj0&list=PLKdU0fuY4OFeLM-IEmZYLe3eHEUlSGru5",07:12,public,2/21/2023,"break, break statement, continue statement, python, python full course, 60 days of python, python bangla, bangla python tutorial, study mart python",23.24457854876838,215,11,0,0,0,0,0,0,0,0,0,0,26,168,19,3
ewH3XYmJa8A,"Become a Data Analyst (বাংলা কোর্স) | PowerBi, Tableau, Excel, GDS & Python | Data Analytics@aiQuest","✅ Visit Website: https://www.aiquest.org/courses/become-a-data-analyst/ ✅ List of all Paid Courses: https://aiquest.org ✅ Must Join the Facebook Group: https://facebook.com/groups/StudyMart ✅ To Enroll in Paid Courses, Contact: +8801704265972 (Sohan Khan) ✅ Another Facebook Group: https://facebook.com/groups/aiQuest ✅ Let's Subscribe to AI QUEST: https://www.youtube.com/aiquest?sub_confirmation=1 ✅ Github: https://github.com/rashakil-ds  Our Paid Courses: ✅ List of all Paid Courses: https://allmylinks.com/studymart-paid-courses ✅ To Enroll in Paid Courses, Contact: +8801704265972 (Sohan Khan)  You are welcome to join me: ✅ Let's Subscribe to AI QUEST: https://www.youtube.com/aiquest?sub_confirmation=1 ✅ Follow Me: https://www.facebook.com/MrArgon28 ✅ Follow Facebook: https://facebook.com/StudyMart.org ✅ Follow me on Page: https://facebook.com/shakil.RashedulAlam ✅Follow Linkedin: https://www.linkedin.com/company/study-mart ✅Patreon: https://patreon.com/StudyMart ✅ Visit Website: https://www.aiquest.org   Others Playlist: ✅ 60 Days of Python: https://www.youtube.com/watch?v=FZmPnTVOAR4&list=PLKdU0fuY4OFf7qj4eoBtvALAB_Ml2rN0V ✅ Python & Machine Learning Full Playlist: https://www.youtube.com/watch?v=A3FKSsYy0Zg&list=PLKdU0fuY4OFcot0zyVbM1-zKf_eCUK4zQ ✅ MongoDB NoSql Database: https://www.youtube.com/watch?v=nuJ6qoBcZaw&list=PLKdU0fuY4OFe5tIAh3FB8avnQBD5FFXvE ✅ SQL For Data Science: https://www.youtube.com/playlist?list=PLKdU0fuY4OFduhpa23Wy5fRv6SGxp2ho0 ✅ R Programming for Data Science: https://www.youtube.com/watch?v=-SZ_Ph4HuTc&list=PLKdU0fuY4OFdcvSMgwilt99n81IhhaHSX ✅ Learn Deep Learning Course: https://www.youtube.com/watch?v=BbckQ-bLLG8&list=PLKdU0fuY4OFdFUCFcUp-7VD4bLXr50hgb  ✅ Learn Machine Learning Full Course: https://www.youtube.com/watch?v=xYMHT4uMOiE&list=PLKdU0fuY4OFfWY36nDJDlI26jXwInSm8f ✅ Learn Advance Excel for Data Science: https://www.youtube.com/watch?v=FFV_YmDxgj0&list=PLKdU0fuY4OFcx1_w_MhD4c0vRvP_8jYW9 ✅ Feature Engineering in Machine Learning: https://www.youtube.com/watch?v=Y1O_3TuVs_8&list=PLKdU0fuY4OFfUUWMHeqX5XxXYhUZnaXUe ✅ Data Science Bangla Playlist: https://www.youtube.com/watch?v=9BtpCvUtKL8&list=PLKdU0fuY4OFd2SIraaUtJ4nJ9F8o48kYT ✅ C Bangla Tutorial Playlist: https://www.youtube.com/watch?v=rpB6QRkwJd0&list=PLKdU0fuY4OFct8iFqcxhJcd3wjjK60LgO ✅ Linux Bangla Tutorial Playlist: https://www.youtube.com/watch?v=JowAv7hGVJg&list=PLKdU0fuY4OFeq7C9AjjceGFPzFUH0OoMH ✅ Prolog Bangla Tutorial Series: https://www.youtube.com/watch?v=Uzv9aj2aPj0&list=PLKdU0fuY4OFeLM-IEmZYLe3eHEUlSGru5",01:45:08,public,2/9/2023,"data analyst, data analysis, data analytics, data science, machine learning, python, data science course, data science for beginners, what is data science, data science courses, best data science courses, free data science courses, learn python, python tutorial, powerbi, tableau, ms excel, sql, sql for data analytics",30.50225443749521,1150,34,0,0,0,0,0,0,0,0,0,0,27,185,5,2
vNq0C7CMajs,Deep Learning for NLP and Computer Vision | Artificial Intelligence Live Bangla Course - Batch 11,"✅ List of all Paid Courses: https://aiquest.org ✅ Must Join the Facebook Group: https://facebook.com/groups/StudyMart ✅ To Enroll in Paid Courses, Contact: +8801704265972 (Sohan Khan) ✅ Another Facebook Group: https://facebook.com/groups/aiQuest ✅ Let's Subscribe to AI QUEST: https://www.youtube.com/aiquest?sub_confirmation=1 ✅ Github: https://github.com/rashakil-ds  You are welcome to join me: ✅ Let's Subscribe to AI QUEST: https://www.youtube.com/aiquest?sub_confirmation=1 ✅ Follow Me: https://www.facebook.com/MrArgon28 ✅ Follow Facebook: https://facebook.com/StudyMart.org ✅ Follow me on Page: https://facebook.com/shakil.RashedulAlam ✅Follow Linkedin: https://www.linkedin.com/company/study-mart ✅Patreon: https://patreon.com/StudyMart ✅ Vist Website: https://www.aiquest.org   Others Playlist: ✅ Study in Germany from Bangladesh: https://www.youtube.com/playlist?list=PLjc_ZP9QSSamIPaQ-qNlcq5fHXft9s6FR ✅ 60 Days of Python: https://www.youtube.com/watch?v=FZmPnTVOAR4&list=PLKdU0fuY4OFf7qj4eoBtvALAB_Ml2rN0V ✅ Python & Machine Learning Full Playlist: https://www.youtube.com/watch?v=A3FKSsYy0Zg&list=PLKdU0fuY4OFcot0zyVbM1-zKf_eCUK4zQ ✅ MongoDB NoSql Database: https://www.youtube.com/watch?v=nuJ6qoBcZaw&list=PLKdU0fuY4OFe5tIAh3FB8avnQBD5FFXvE ✅ SQL For Data Science: https://www.youtube.com/playlist?list=PLKdU0fuY4OFduhpa23Wy5fRv6SGxp2ho0 ✅ R Programming for Data Science: https://www.youtube.com/watch?v=-SZ_Ph4HuTc&list=PLKdU0fuY4OFdcvSMgwilt99n81IhhaHSX ✅ Learn Deep Learning Course: https://www.youtube.com/watch?v=BbckQ-bLLG8&list=PLKdU0fuY4OFdFUCFcUp-7VD4bLXr50hgb  ✅ Learn Machine Learning Full Course: https://www.youtube.com/watch?v=xYMHT4uMOiE&list=PLKdU0fuY4OFfWY36nDJDlI26jXwInSm8f ✅ Learn Advance Excel for Data Science: https://www.youtube.com/watch?v=FFV_YmDxgj0&list=PLKdU0fuY4OFcx1_w_MhD4c0vRvP_8jYW9 ✅ Feature Engineering in Machine Learning: https://www.youtube.com/watch?v=Y1O_3TuVs_8&list=PLKdU0fuY4OFfUUWMHeqX5XxXYhUZnaXUe ✅ Data Science Bangla Playlist: https://www.youtube.com/watch?v=9BtpCvUtKL8&list=PLKdU0fuY4OFd2SIraaUtJ4nJ9F8o48kYT ✅ C Bangla Tutorial Playlist: https://www.youtube.com/watch?v=rpB6QRkwJd0&list=PLKdU0fuY4OFct8iFqcxhJcd3wjjK60LgO ✅ Linux Bangla Tutorial Playlist: https://www.youtube.com/watch?v=JowAv7hGVJg&list=PLKdU0fuY4OFeq7C9AjjceGFPzFUH0OoMH ✅ Prolog Bangla Tutorial Series: https://www.youtube.com/watch?v=Uzv9aj2aPj0&list=PLKdU0fuY4OFeLM-IEmZYLe3eHEUlSGru5",01:53:56,public,2/8/2023,"deep learning, machine learning, artificial intelligence, nlp, computer vision, neural network, deep learning tutorial, what is deep learning, what is deep learning and machine learning, what is deep learning in simple explanation, what is machine learning, machine learning for beginners, neural networks, neural network tutorial, neural network explained, keras, tensorflow, pytorch",43.14138319526692,496,22,0,0,43,0,0,0,0,0,0,0,26,168,17,4
3KWzYM_KafM,"Pandas Tutorial | Importing Google Sheets using Python Pandas | @aiQuest, @rashakil","✅ List of all Paid Courses: https://aiquest.org ✅ Must Join the Facebook Group: https://facebook.com/groups/StudyMart ✅ To Enroll in Paid Courses, Contact: +8801704265972 (Sohan Khan) ✅ Another Facebook Group: https://facebook.com/groups/aiQuest ✅ Let's Subscribe to AI QUEST: https://www.youtube.com/aiquest?sub_confirmation=1 ✅ Github: https://github.com/rashakil-ds  You are welcome to join me: ✅ Let's Subscribe to AI QUEST: https://www.youtube.com/aiquest?sub_confirmation=1 ✅ Follow Me: https://www.facebook.com/MrArgon28 ✅ Follow Facebook: https://facebook.com/StudyMart.org ✅ Follow me on Page: https://facebook.com/shakil.RashedulAlam ✅Follow Linkedin: https://www.linkedin.com/company/study-mart ✅Patreon: https://patreon.com/StudyMart ✅ Vist Website: https://www.aiquest.org   Others Playlist: ✅ Study in Germany from Bangladesh: https://www.youtube.com/playlist?list=PLjc_ZP9QSSamIPaQ-qNlcq5fHXft9s6FR ✅ 60 Days of Python: https://www.youtube.com/watch?v=FZmPnTVOAR4&list=PLKdU0fuY4OFf7qj4eoBtvALAB_Ml2rN0V ✅ Python & Machine Learning Full Playlist: https://www.youtube.com/watch?v=A3FKSsYy0Zg&list=PLKdU0fuY4OFcot0zyVbM1-zKf_eCUK4zQ ✅ MongoDB NoSql Database: https://www.youtube.com/watch?v=nuJ6qoBcZaw&list=PLKdU0fuY4OFe5tIAh3FB8avnQBD5FFXvE ✅ SQL For Data Science: https://www.youtube.com/playlist?list=PLKdU0fuY4OFduhpa23Wy5fRv6SGxp2ho0 ✅ R Programming for Data Science: https://www.youtube.com/watch?v=-SZ_Ph4HuTc&list=PLKdU0fuY4OFdcvSMgwilt99n81IhhaHSX ✅ Learn Deep Learning Course: https://www.youtube.com/watch?v=BbckQ-bLLG8&list=PLKdU0fuY4OFdFUCFcUp-7VD4bLXr50hgb  ✅ Learn Machine Learning Full Course: https://www.youtube.com/watch?v=xYMHT4uMOiE&list=PLKdU0fuY4OFfWY36nDJDlI26jXwInSm8f ✅ Learn Advance Excel for Data Science: https://www.youtube.com/watch?v=FFV_YmDxgj0&list=PLKdU0fuY4OFcx1_w_MhD4c0vRvP_8jYW9 ✅ Feature Engineering in Machine Learning: https://www.youtube.com/watch?v=Y1O_3TuVs_8&list=PLKdU0fuY4OFfUUWMHeqX5XxXYhUZnaXUe ✅ Data Science Bangla Playlist: https://www.youtube.com/watch?v=9BtpCvUtKL8&list=PLKdU0fuY4OFd2SIraaUtJ4nJ9F8o48kYT ✅ C Bangla Tutorial Playlist: https://www.youtube.com/watch?v=rpB6QRkwJd0&list=PLKdU0fuY4OFct8iFqcxhJcd3wjjK60LgO ✅ Linux Bangla Tutorial Playlist: https://www.youtube.com/watch?v=JowAv7hGVJg&list=PLKdU0fuY4OFeq7C9AjjceGFPzFUH0OoMH ✅ Prolog Bangla Tutorial Series: https://www.youtube.com/watch?v=Uzv9aj2aPj0&list=PLKdU0fuY4OFeLM-IEmZYLe3eHEUlSGru5",10:35,public,1/28/2023,"pandas, python, data science, reading g sheet using python, google sheets tutorial, spread sheet reading, python tutorial, python pandas, python pandas tutorial, pandas tutorial, data science for beginners, data science course, data science tutorial, pandas bangla tutorial",29.234501512498635,858,18,0,0,0,0,0,0,0,0,0,0,26,168,16,2
sfCexiIuTXo,"All about SQL for Data Science, Analytics and Ai | @aiQuest","✅SQL for Data science: https://aiquest.org/courses/sql-for-data-science ✅ List of all Paid Courses: https://aiquest.org ✅ Must Join the Facebook Group: https://facebook.com/groups/StudyMart ✅ To Enroll in Paid Courses, Contact: +8801704265972 (Sohan Khan) ✅ Another Facebook Group: https://facebook.com/groups/aiQuest ✅ Let's Subscribe to AI QUEST: https://www.youtube.com/aiquest?sub_confirmation=1 ✅ Github: https://github.com/rashakil-ds  You are welcome to join me: ✅ Let's Subscribe to AI QUEST: https://www.youtube.com/aiquest?sub_confirmation=1 ✅ Follow Me: https://www.facebook.com/MrArgon28 ✅ Follow Facebook: https://facebook.com/StudyMart.org ✅ Follow me on Page: https://facebook.com/shakil.RashedulAlam ✅Follow Linkedin: https://www.linkedin.com/company/study-mart ✅Patreon: https://patreon.com/StudyMart ✅ Vist Website: https://www.aiquest.org   Others Playlist: ✅ Study in Germany from Bangladesh: https://www.youtube.com/playlist?list=PLjc_ZP9QSSamIPaQ-qNlcq5fHXft9s6FR ✅ 60 Days of Python: https://www.youtube.com/watch?v=FZmPnTVOAR4&list=PLKdU0fuY4OFf7qj4eoBtvALAB_Ml2rN0V ✅ Python & Machine Learning Full Playlist: https://www.youtube.com/watch?v=A3FKSsYy0Zg&list=PLKdU0fuY4OFcot0zyVbM1-zKf_eCUK4zQ ✅ MongoDB NoSql Database: https://www.youtube.com/watch?v=nuJ6qoBcZaw&list=PLKdU0fuY4OFe5tIAh3FB8avnQBD5FFXvE ✅ SQL For Data Science: https://www.youtube.com/playlist?list=PLKdU0fuY4OFduhpa23Wy5fRv6SGxp2ho0 ✅ R Programming for Data Science: https://www.youtube.com/watch?v=-SZ_Ph4HuTc&list=PLKdU0fuY4OFdcvSMgwilt99n81IhhaHSX ✅ Learn Deep Learning Course: https://www.youtube.com/watch?v=BbckQ-bLLG8&list=PLKdU0fuY4OFdFUCFcUp-7VD4bLXr50hgb  ✅ Learn Machine Learning Full Course: https://www.youtube.com/watch?v=xYMHT4uMOiE&list=PLKdU0fuY4OFfWY36nDJDlI26jXwInSm8f ✅ Learn Advance Excel for Data Science: https://www.youtube.com/watch?v=FFV_YmDxgj0&list=PLKdU0fuY4OFcx1_w_MhD4c0vRvP_8jYW9 ✅ Feature Engineering in Machine Learning: https://www.youtube.com/watch?v=Y1O_3TuVs_8&list=PLKdU0fuY4OFfUUWMHeqX5XxXYhUZnaXUe ✅ Data Science Bangla Playlist: https://www.youtube.com/watch?v=9BtpCvUtKL8&list=PLKdU0fuY4OFd2SIraaUtJ4nJ9F8o48kYT ✅ C Bangla Tutorial Playlist: https://www.youtube.com/watch?v=rpB6QRkwJd0&list=PLKdU0fuY4OFct8iFqcxhJcd3wjjK60LgO ✅ Linux Bangla Tutorial Playlist: https://www.youtube.com/watch?v=JowAv7hGVJg&list=PLKdU0fuY4OFeq7C9AjjceGFPzFUH0OoMH ✅ Prolog Bangla Tutorial Series: https://www.youtube.com/watch?v=Uzv9aj2aPj0&list=PLKdU0fuY4OFeLM-IEmZYLe3eHEUlSGru5",01:50:08,public,1/25/2023,,29.796644255905154,977,42,0,0,0,0,0,0,0,0,0,0,27,173,9,2
33FfB3jWa4s,How to Land your Data Science Jobs? Artificial Intelligence vs Data Science | @rashakil,"✅ List of all Paid Courses: https://aiquest.org ✅ Must Join the Facebook Group: https://facebook.com/groups/StudyMart ✅ To Enroll in Paid Courses, Contact: +8801704265972 (Sohan Khan) ✅ Another Facebook Group: https://facebook.com/groups/aiQuest ✅ Let's Subscribe to AI QUEST: https://www.youtube.com/aiquest?sub_confirmation=1 ✅ GitHub: https://github.com/rashakil-ds  You are welcome to join me: ✅ Let's Subscribe to AI QUEST: https://www.youtube.com/aiquest?sub_confirmation=1 ✅ Follow Me: https://www.facebook.com/MrArgon28 ✅ Follow Facebook: https://facebook.com/StudyMart.org ✅ Follow me on Page: https://facebook.com/shakil.RashedulAlam ✅Follow LinkedIn: https://www.linkedin.com/company/study-mart ✅Patreon: https://patreon.com/StudyMart ✅ Visit Website: https://www.aiquest.org   Others Playlist: ✅ Study in Germany from Bangladesh: https://www.youtube.com/playlist?list=PLjc_ZP9QSSamIPaQ-qNlcq5fHXft9s6FR ✅ 60 Days of Python: https://www.youtube.com/watch?v=FZmPnTVOAR4&list=PLKdU0fuY4OFf7qj4eoBtvALAB_Ml2rN0V ✅ Python & Machine Learning Full Playlist: https://www.youtube.com/watch?v=A3FKSsYy0Zg&list=PLKdU0fuY4OFcot0zyVbM1-zKf_eCUK4zQ ✅ MongoDB NoSql Database: https://www.youtube.com/watch?v=nuJ6qoBcZaw&list=PLKdU0fuY4OFe5tIAh3FB8avnQBD5FFXvE ✅ SQL For Data Science: https://www.youtube.com/playlist?list=PLKdU0fuY4OFduhpa23Wy5fRv6SGxp2ho0 ✅ R Programming for Data Science: https://www.youtube.com/watch?v=-SZ_Ph4HuTc&list=PLKdU0fuY4OFdcvSMgwilt99n81IhhaHSX ✅ Learn Deep Learning Course: https://www.youtube.com/watch?v=BbckQ-bLLG8&list=PLKdU0fuY4OFdFUCFcUp-7VD4bLXr50hgb  ✅ Learn Machine Learning Full Course: https://www.youtube.com/watch?v=xYMHT4uMOiE&list=PLKdU0fuY4OFfWY36nDJDlI26jXwInSm8f ✅ Learn Advance Excel for Data Science: https://www.youtube.com/watch?v=FFV_YmDxgj0&list=PLKdU0fuY4OFcx1_w_MhD4c0vRvP_8jYW9 ✅ Feature Engineering in Machine Learning: https://www.youtube.com/watch?v=Y1O_3TuVs_8&list=PLKdU0fuY4OFfUUWMHeqX5XxXYhUZnaXUe ✅ Data Science Bangla Playlist: https://www.youtube.com/watch?v=9BtpCvUtKL8&list=PLKdU0fuY4OFd2SIraaUtJ4nJ9F8o48kYT ✅ C Bangla Tutorial Playlist: https://www.youtube.com/watch?v=rpB6QRkwJd0&list=PLKdU0fuY4OFct8iFqcxhJcd3wjjK60LgO ✅ Linux Bangla Tutorial Playlist: https://www.youtube.com/watch?v=JowAv7hGVJg&list=PLKdU0fuY4OFeq7C9AjjceGFPzFUH0OoMH ✅ Prolog Bangla Tutorial Series: https://www.youtube.com/watch?v=Uzv9aj2aPj0&list=PLKdU0fuY4OFeLM-IEmZYLe3eHEUlSGru5",17:57,public,1/22/2023,"data science, machine learning, data scientist, data analytics, artificial intelligence, data science bangladesh, data science bangla, data science course, data science for beginners, data science tutorial, data science tutorial for beginners, ai, excel, sql, sql for data science, learn data science",49.076468624053504,4669,138,0,0,18,0,0,0,0,0,0,0,26,168,16,2
xQqDBSK9jUo,"Why SQL for Data Science? Must Watch Before Starting Career in Data Science, Analytics & Ai @aiQuest","✅ SQL for Data Science Module: https://www.aiquest.org/courses/sql-for-data-science/ ✅ List of all Paid Courses: https://aiquest.org ✅ Must Join the Facebook Group: https://facebook.com/groups/StudyMart ✅ To Enroll in Paid Courses, Contact: +8801704265972 (Sohan Khan) ✅ Another Facebook Group: https://facebook.com/groups/aiQuest ✅ Let's Subscribe to AI QUEST: https://www.youtube.com/aiquest?sub_confirmation=1 ✅ Github: https://github.com/rashakil-ds  You are welcome to join me: ✅ Let's Subscribe to AI QUEST: https://www.youtube.com/aiquest?sub_confirmation=1 ✅ Follow Me: https://www.facebook.com/MrArgon28 ✅ Follow Facebook: https://facebook.com/StudyMart.org ✅ Follow me on Page: https://facebook.com/shakil.RashedulAlam ✅Follow Linkedin: https://www.linkedin.com/company/study-mart ✅Patreon: https://patreon.com/StudyMart ✅ Vist Website: https://www.aiquest.org   Others Playlist: ✅ Study in Germany from Bangladesh: https://www.youtube.com/playlist?list=PLjc_ZP9QSSamIPaQ-qNlcq5fHXft9s6FR ✅ 60 Days of Python: https://www.youtube.com/watch?v=FZmPnTVOAR4&list=PLKdU0fuY4OFf7qj4eoBtvALAB_Ml2rN0V ✅ Python & Machine Learning Full Playlist: https://www.youtube.com/watch?v=A3FKSsYy0Zg&list=PLKdU0fuY4OFcot0zyVbM1-zKf_eCUK4zQ ✅ MongoDB NoSql Database: https://www.youtube.com/watch?v=nuJ6qoBcZaw&list=PLKdU0fuY4OFe5tIAh3FB8avnQBD5FFXvE ✅ SQL For Data Science: https://www.youtube.com/playlist?list=PLKdU0fuY4OFduhpa23Wy5fRv6SGxp2ho0 ✅ R Programming for Data Science: https://www.youtube.com/watch?v=-SZ_Ph4HuTc&list=PLKdU0fuY4OFdcvSMgwilt99n81IhhaHSX ✅ Learn Deep Learning Course: https://www.youtube.com/watch?v=BbckQ-bLLG8&list=PLKdU0fuY4OFdFUCFcUp-7VD4bLXr50hgb  ✅ Learn Machine Learning Full Course: https://www.youtube.com/watch?v=xYMHT4uMOiE&list=PLKdU0fuY4OFfWY36nDJDlI26jXwInSm8f ✅ Learn Advance Excel for Data Science: https://www.youtube.com/watch?v=FFV_YmDxgj0&list=PLKdU0fuY4OFcx1_w_MhD4c0vRvP_8jYW9 ✅ Feature Engineering in Machine Learning: https://www.youtube.com/watch?v=Y1O_3TuVs_8&list=PLKdU0fuY4OFfUUWMHeqX5XxXYhUZnaXUe ✅ Data Science Bangla Playlist: https://www.youtube.com/watch?v=9BtpCvUtKL8&list=PLKdU0fuY4OFd2SIraaUtJ4nJ9F8o48kYT ✅ C Bangla Tutorial Playlist: https://www.youtube.com/watch?v=rpB6QRkwJd0&list=PLKdU0fuY4OFct8iFqcxhJcd3wjjK60LgO ✅ Linux Bangla Tutorial Playlist: https://www.youtube.com/watch?v=JowAv7hGVJg&list=PLKdU0fuY4OFeq7C9AjjceGFPzFUH0OoMH ✅ Prolog Bangla Tutorial Series: https://www.youtube.com/watch?v=Uzv9aj2aPj0&list=PLKdU0fuY4OFeLM-IEmZYLe3eHEUlSGru5",01:45:53,public,1/21/2023,"sql, sql for data science, data science, sql for beginners, learn sql for beginners, sql tutorial, learn sql, learn sql server, sql tutorial for beginners, learn sql fast, sql bangla course, sql tutorial advanced, mysql tutorial, postgresql, mysql vs postgresql, mongodb, spark, hadoop, python, sql course",41.70033618893237,728,23,0,0,21,0,0,0,0,0,0,0,27,175,8,3